"User ID",Name,Date,Time,Status,Device
2,"ASHOKA KIRAN",01/11/2026,17:59:46,In,Device1
2,"ASHOKA KIRAN",01/11/2026,17:59:46,Out,Device1
4,SUBRAMANYA,01/11/2026,19:48:33,In,Device1
4,SUBRAMANYA,01/11/2026,19:48:33,Out,Device1
6,"SAI KIRAN",01/11/2026,18:53:54,In,Device1
6,"SAI KIRAN",01/11/2026,18:53:54,Out,Device1
11,ABHISHEK,01/11/2026,17:24:04,In,Device1
11,ABHISHEK,01/11/2026,17:24:04,Out,Device1
1,RACHITH,02/11/2026,19:06:01,In,Device1
1,RACHITH,02/11/2026,19:06:01,Out,Device1
2,"ASHOKA KIRAN",02/11/2026,18:35:03,In,Device1
2,"ASHOKA KIRAN",02/11/2026,18:35:03,Out,Device1
3,"ARSHIN ALBAB",02/11/2026,19:30:38,In,Device1
3,"ARSHIN ALBAB",02/11/2026,19:30:38,Out,Device1
4,SUBRAMANYA,02/11/2026,18:24:17,In,Device1
4,SUBRAMANYA,02/11/2026,18:24:17,Out,Device1
5,SURESH,02/11/2026,19:04:20,In,Device1
5,SURESH,02/11/2026,19:04:20,Out,Device1
6,"SAI KIRAN",02/11/2026,18:39:09,In,Device1
6,"SAI KIRAN",02/11/2026,18:39:09,Out,Device1
7,KARTHIKEYAN,02/11/2026,17:15:34,In,Device1
7,KARTHIKEYAN,02/11/2026,17:15:34,Out,Device1
8,JEEVAN,02/11/2026,19:50:34,In,Device1
8,JEEVAN,02/11/2026,19:50:34,Out,Device1
9,MOHITH,02/11/2026,17:42:23,In,Device1
9,MOHITH,02/11/2026,17:42:23,Out,Device1
10,"RACHITH M R",02/11/2026,19:22:00,In,Device1
10,"RACHITH M R",02/11/2026,19:22:00,Out,Device1
11,ABHISHEK,02/11/2026,19:46:11,In,Device1
11,ABHISHEK,02/11/2026,19:46:11,Out,Device1
12,PRITHESH,02/11/2026,17:29:57,In,Device1
12,PRITHESH,02/11/2026,17:29:57,Out,Device1
13,GAUTHAM,02/11/2026,17:48:00,In,Device1
13,GAUTHAM,02/11/2026,17:48:00,Out,Device1
14,AKASH,02/11/2026,17:23:09,In,Device1
14,AKASH,02/11/2026,17:23:09,Out,Device1
16,T,02/11/2026,18:06:50,In,Device1
16,T,02/11/2026,18:06:50,Out,Device1
17,"SUBRAMANYA K P",02/11/2026,17:33:18,In,Device1
17,"SUBRAMANYA K P",02/11/2026,17:33:18,Out,Device1
2,"ASHOKA KIRAN",03/11/2026,17:27:53,In,Device1
2,"ASHOKA KIRAN",03/11/2026,17:27:53,Out,Device1
3,"ARSHIN ALBAB",03/11/2026,19:22:46,In,Device1
3,"ARSHIN ALBAB",03/11/2026,19:22:46,Out,Device1
4,SUBRAMANYA,03/11/2026,19:29:11,In,Device1
4,SUBRAMANYA,03/11/2026,19:29:11,Out,Device1
5,SURESH,03/11/2026,19:41:45,In,Device1
5,SURESH,03/11/2026,19:41:45,Out,Device1
6,"SAI KIRAN",03/11/2026,18:49:47,In,Device1
6,"SAI KIRAN",03/11/2026,18:49:47,Out,Device1
7,KARTHIKEYAN,03/11/2026,18:11:48,In,Device1
7,KARTHIKEYAN,03/11/2026,18:11:48,Out,Device1
8,JEEVAN,03/11/2026,17:47:22,In,Device1
8,JEEVAN,03/11/2026,17:47:22,Out,Device1
9,MOHITH,03/11/2026,18:02:55,In,Device1
9,MOHITH,03/11/2026,18:02:55,Out,Device1
10,"RACHITH M R",03/11/2026,19:06:25,In,Device1
10,"RACHITH M R",03/11/2026,19:06:25,Out,Device1
11,ABHISHEK,03/11/2026,17:28:53,In,Device1
11,ABHISHEK,03/11/2026,17:28:53,Out,Device1
12,PRITHESH,03/11/2026,19:38:29,In,Device1
12,PRITHESH,03/11/2026,19:38:29,Out,Device1
13,GAUTHAM,03/11/2026,18:54:27,In,Device1
13,GAUTHAM,03/11/2026,18:54:27,Out,Device1
14,AKASH,03/11/2026,18:40:15,In,Device1
14,AKASH,03/11/2026,18:40:15,Out,Device1
16,T,03/11/2026,19:17:03,In,Device1
16,T,03/11/2026,19:17:03,Out,Device1
17,"SUBRAMANYA K P",03/11/2026,19:05:37,In,Device1
17,"SUBRAMANYA K P",03/11/2026,19:05:37,Out,Device1
1,RACHITH,04/11/2026,18:04:38,In,Device1
1,RACHITH,04/11/2026,18:04:38,Out,Device1
2,"ASHOKA KIRAN",04/11/2026,17:12:29,In,Device1
2,"ASHOKA KIRAN",04/11/2026,17:12:29,Out,Device1
3,"ARSHIN ALBAB",04/11/2026,19:45:14,In,Device1
3,"ARSHIN ALBAB",04/11/2026,19:45:14,Out,Device1
4,SUBRAMANYA,04/11/2026,18:12:29,In,Device1
4,SUBRAMANYA,04/11/2026,18:12:29,Out,Device1
5,SURESH,04/11/2026,17:17:08,In,Device1
5,SURESH,04/11/2026,17:17:08,Out,Device1
6,"SAI KIRAN",04/11/2026,18:28:47,In,Device1
6,"SAI KIRAN",04/11/2026,18:28:47,Out,Device1
7,KARTHIKEYAN,04/11/2026,19:24:07,In,Device1
7,KARTHIKEYAN,04/11/2026,19:24:07,Out,Device1
8,JEEVAN,04/11/2026,17:57:18,In,Device1
8,JEEVAN,04/11/2026,17:57:18,Out,Device1
9,MOHITH,04/11/2026,17:07:22,In,Device1
9,MOHITH,04/11/2026,17:07:22,Out,Device1
10,"RACHITH M R",04/11/2026,19:34:15,In,Device1
10,"RACHITH M R",04/11/2026,19:34:15,Out,Device1
11,ABHISHEK,04/11/2026,19:50:28,In,Device1
11,ABHISHEK,04/11/2026,19:50:28,Out,Device1
12,PRITHESH,04/11/2026,18:29:16,In,Device1
12,PRITHESH,04/11/2026,18:29:16,Out,Device1
13,GAUTHAM,04/11/2026,17:41:24,In,Device1
13,GAUTHAM,04/11/2026,17:41:24,Out,Device1
14,AKASH,04/11/2026,17:44:23,In,Device1
14,AKASH,04/11/2026,17:44:23,Out,Device1
16,T,04/11/2026,17:52:10,In,Device1
16,T,04/11/2026,17:52:10,Out,Device1
1,RACHITH,05/11/2026,17:18:49,In,Device1
1,RACHITH,05/11/2026,17:18:49,Out,Device1
2,"ASHOKA KIRAN",05/11/2026,17:21:11,In,Device1
2,"ASHOKA KIRAN",05/11/2026,17:21:11,Out,Device1
3,"ARSHIN ALBAB",05/11/2026,19:31:28,In,Device1
3,"ARSHIN ALBAB",05/11/2026,19:31:28,Out,Device1
4,SUBRAMANYA,05/11/2026,18:29:38,In,Device1
4,SUBRAMANYA,05/11/2026,18:29:38,Out,Device1
5,SURESH,05/11/2026,18:11:46,In,Device1
5,SURESH,05/11/2026,18:11:46,Out,Device1
6,"SAI KIRAN",05/11/2026,19:31:57,In,Device1
6,"SAI KIRAN",05/11/2026,19:31:57,Out,Device1
7,KARTHIKEYAN,05/11/2026,18:34:12,In,Device1
7,KARTHIKEYAN,05/11/2026,18:34:12,Out,Device1
8,JEEVAN,05/11/2026,17:10:27,In,Device1
8,JEEVAN,05/11/2026,17:10:27,Out,Device1
9,MOHITH,05/11/2026,17:29:28,In,Device1
9,MOHITH,05/11/2026,17:29:28,Out,Device1
10,"RACHITH M R",05/11/2026,19:18:22,In,Device1
10,"RACHITH M R",05/11/2026,19:18:22,Out,Device1
11,ABHISHEK,05/11/2026,18:57:40,In,Device1
11,ABHISHEK,05/11/2026,18:57:40,Out,Device1
12,PRITHESH,05/11/2026,17:09:20,In,Device1
12,PRITHESH,05/11/2026,17:09:20,Out,Device1
13,GAUTHAM,05/11/2026,18:32:59,In,Device1
13,GAUTHAM,05/11/2026,18:32:59,Out,Device1
14,AKASH,05/11/2026,18:40:28,In,Device1
14,AKASH,05/11/2026,18:40:28,Out,Device1
16,T,05/11/2026,17:54:09,In,Device1
16,T,05/11/2026,17:54:09,Out,Device1
1,RACHITH,06/11/2026,17:48:02,In,Device1
1,RACHITH,06/11/2026,17:48:02,Out,Device1
2,"ASHOKA KIRAN",06/11/2026,17:52:35,In,Device1
2,"ASHOKA KIRAN",06/11/2026,17:52:35,Out,Device1
4,SUBRAMANYA,06/11/2026,17:25:18,In,Device1
4,SUBRAMANYA,06/11/2026,17:25:18,Out,Device1
5,SURESH,06/11/2026,17:42:21,In,Device1
5,SURESH,06/11/2026,17:42:21,Out,Device1
6,"SAI KIRAN",06/11/2026,17:32:47,In,Device1
6,"SAI KIRAN",06/11/2026,17:32:47,Out,Device1
7,KARTHIKEYAN,06/11/2026,17:10:20,In,Device1
7,KARTHIKEYAN,06/11/2026,17:10:20,Out,Device1
8,JEEVAN,06/11/2026,18:45:03,In,Device1
8,JEEVAN,06/11/2026,18:45:03,Out,Device1
9,MOHITH,06/11/2026,19:45:26,In,Device1
9,MOHITH,06/11/2026,19:45:26,Out,Device1
10,"RACHITH M R",06/11/2026,17:25:02,In,Device1
10,"RACHITH M R",06/11/2026,17:25:02,Out,Device1
11,ABHISHEK,06/11/2026,17:33:10,In,Device1
11,ABHISHEK,06/11/2026,17:33:10,Out,Device1
12,PRITHESH,06/11/2026,17:54:50,In,Device1
12,PRITHESH,06/11/2026,17:54:50,Out,Device1
13,GAUTHAM,06/11/2026,18:24:31,In,Device1
13,GAUTHAM,06/11/2026,18:24:31,Out,Device1
14,AKASH,06/11/2026,18:21:02,In,Device1
14,AKASH,06/11/2026,18:21:02,Out,Device1
16,T,06/11/2026,19:38:13,In,Device1
16,T,06/11/2026,19:38:13,Out,Device1
17,"SUBRAMANYA K P",06/11/2026,18:59:42,In,Device1
17,"SUBRAMANYA K P",06/11/2026,18:59:42,Out,Device1
5,SURESH,07/11/2026,18:22:37,In,Device1
5,SURESH,07/11/2026,18:22:37,Out,Device1
6,"SAI KIRAN",08/11/2026,18:37:01,In,Device1
6,"SAI KIRAN",08/11/2026,18:37:01,Out,Device1
10,"RACHITH M R",08/11/2026,19:21:51,In,Device1
10,"RACHITH M R",08/11/2026,19:21:51,Out,Device1
1,RACHITH,09/11/2026,19:10:29,In,Device1
1,RACHITH,09/11/2026,19:10:29,Out,Device1
2,"ASHOKA KIRAN",09/11/2026,19:31:03,In,Device1
2,"ASHOKA KIRAN",09/11/2026,19:31:03,Out,Device1
3,"ARSHIN ALBAB",09/11/2026,17:55:38,In,Device1
3,"ARSHIN ALBAB",09/11/2026,17:55:38,Out,Device1
4,SUBRAMANYA,09/11/2026,18:40:11,In,Device1
4,SUBRAMANYA,09/11/2026,18:40:11,Out,Device1
5,SURESH,09/11/2026,18:17:41,In,Device1
5,SURESH,09/11/2026,18:17:41,Out,Device1
6,"SAI KIRAN",09/11/2026,17:36:16,In,Device1
6,"SAI KIRAN",09/11/2026,17:36:16,Out,Device1
7,KARTHIKEYAN,09/11/2026,18:28:22,In,Device1
7,KARTHIKEYAN,09/11/2026,18:28:22,Out,Device1
8,JEEVAN,09/11/2026,17:41:22,In,Device1
8,JEEVAN,09/11/2026,17:41:22,Out,Device1
9,MOHITH,09/11/2026,16:31:32,In,Device1
9,MOHITH,09/11/2026,16:31:32,Out,Device1
10,"RACHITH M R",09/11/2026,18:44:07,In,Device1
10,"RACHITH M R",09/11/2026,18:44:07,Out,Device1
11,ABHISHEK,09/11/2026,17:18:57,In,Device1
11,ABHISHEK,09/11/2026,17:18:57,Out,Device1
12,PRITHESH,09/11/2026,17:53:33,In,Device1
12,PRITHESH,09/11/2026,17:53:33,Out,Device1
13,GAUTHAM,09/11/2026,19:16:50,In,Device1
13,GAUTHAM,09/11/2026,19:16:50,Out,Device1
14,AKASH,09/11/2026,17:36:20,In,Device1
14,AKASH,09/11/2026,17:36:20,Out,Device1
16,T,09/11/2026,17:01:31,In,Device1
16,T,09/11/2026,17:01:31,Out,Device1
17,"SUBRAMANYA K P",09/11/2026,18:31:17,In,Device1
17,"SUBRAMANYA K P",09/11/2026,18:31:17,Out,Device1
1,RACHITH,10/11/2026,19:17:50,In,Device1
1,RACHITH,10/11/2026,19:17:50,Out,Device1
2,"ASHOKA KIRAN",10/11/2026,19:57:45,In,Device1
2,"ASHOKA KIRAN",10/11/2026,19:57:45,Out,Device1
3,"ARSHIN ALBAB",10/11/2026,17:46:03,In,Device1
3,"ARSHIN ALBAB",10/11/2026,17:46:03,Out,Device1
4,SUBRAMANYA,10/11/2026,18:13:56,In,Device1
4,SUBRAMANYA,10/11/2026,18:13:56,Out,Device1
5,SURESH,10/11/2026,18:59:32,In,Device1
5,SURESH,10/11/2026,18:59:32,Out,Device1
6,"SAI KIRAN",10/11/2026,18:27:55,In,Device1
6,"SAI KIRAN",10/11/2026,18:27:55,Out,Device1
7,KARTHIKEYAN,10/11/2026,19:25:13,In,Device1
7,KARTHIKEYAN,10/11/2026,19:25:13,Out,Device1
8,JEEVAN,10/11/2026,19:39:44,In,Device1
8,JEEVAN,10/11/2026,19:39:44,Out,Device1
9,MOHITH,10/11/2026,17:50:26,In,Device1
9,MOHITH,10/11/2026,17:50:26,Out,Device1
10,"RACHITH M R",10/11/2026,18:59:41,In,Device1
10,"RACHITH M R",10/11/2026,18:59:41,Out,Device1
11,ABHISHEK,10/11/2026,18:13:55,In,Device1
11,ABHISHEK,10/11/2026,18:13:55,Out,Device1
12,PRITHESH,10/11/2026,18:49:22,In,Device1
12,PRITHESH,10/11/2026,18:49:22,Out,Device1
13,GAUTHAM,10/11/2026,17:14:58,In,Device1
13,GAUTHAM,10/11/2026,17:14:58,Out,Device1
14,AKASH,10/11/2026,17:51:21,In,Device1
14,AKASH,10/11/2026,17:51:21,Out,Device1
16,T,10/11/2026,18:35:46,In,Device1
16,T,10/11/2026,18:35:46,Out,Device1
17,"SUBRAMANYA K P",10/11/2026,17:51:36,In,Device1
17,"SUBRAMANYA K P",10/11/2026,17:51:36,Out,Device1
1,RACHITH,11/11/2026,18:46:43,In,Device1
1,RACHITH,11/11/2026,18:46:43,Out,Device1
2,"ASHOKA KIRAN",11/11/2026,18:02:47,In,Device1
2,"ASHOKA KIRAN",11/11/2026,18:02:47,Out,Device1
3,"ARSHIN ALBAB",11/11/2026,19:50:14,In,Device1
3,"ARSHIN ALBAB",11/11/2026,19:50:14,Out,Device1
4,SUBRAMANYA,11/11/2026,18:18:18,In,Device1
4,SUBRAMANYA,11/11/2026,18:18:18,Out,Device1
5,SURESH,11/11/2026,18:27:03,In,Device1
5,SURESH,11/11/2026,18:27:03,Out,Device1
6,"SAI KIRAN",11/11/2026,17:24:27,In,Device1
6,"SAI KIRAN",11/11/2026,17:24:27,Out,Device1
7,KARTHIKEYAN,11/11/2026,17:03:38,In,Device1
7,KARTHIKEYAN,11/11/2026,17:03:38,Out,Device1
8,JEEVAN,11/11/2026,17:18:21,In,Device1
8,JEEVAN,11/11/2026,17:18:21,Out,Device1
12,PRITHESH,11/11/2026,18:02:13,In,Device1
12,PRITHESH,11/11/2026,18:02:13,Out,Device1
13,GAUTHAM,11/11/2026,17:36:16,In,Device1
13,GAUTHAM,11/11/2026,17:36:16,Out,Device1
14,AKASH,11/11/2026,19:55:40,In,Device1
14,AKASH,11/11/2026,19:55:40,Out,Device1
16,T,11/11/2026,17:05:25,In,Device1
16,T,11/11/2026,17:05:25,Out,Device1
17,"SUBRAMANYA K P",11/11/2026,18:32:05,In,Device1
17,"SUBRAMANYA K P",11/11/2026,18:32:05,Out,Device1
1,RACHITH,12/11/2026,18:24:01,In,Device1
1,RACHITH,12/11/2026,18:24:01,Out,Device1
2,"ASHOKA KIRAN",12/11/2026,19:12:05,In,Device1
2,"ASHOKA KIRAN",12/11/2026,19:12:05,Out,Device1
3,"ARSHIN ALBAB",12/11/2026,18:32:18,In,Device1
3,"ARSHIN ALBAB",12/11/2026,18:32:18,Out,Device1
4,SUBRAMANYA,12/11/2026,18:00:55,In,Device1
4,SUBRAMANYA,12/11/2026,18:00:55,Out,Device1
5,SURESH,12/11/2026,17:44:38,In,Device1
5,SURESH,12/11/2026,17:44:38,Out,Device1
6,"SAI KIRAN",12/11/2026,17:32:54,In,Device1
6,"SAI KIRAN",12/11/2026,17:32:54,Out,Device1
7,KARTHIKEYAN,12/11/2026,17:02:04,In,Device1
7,KARTHIKEYAN,12/11/2026,17:02:04,Out,Device1
8,JEEVAN,12/11/2026,19:03:35,In,Device1
8,JEEVAN,12/11/2026,19:03:35,Out,Device1
9,MOHITH,12/11/2026,18:34:08,In,Device1
9,MOHITH,12/11/2026,18:34:08,Out,Device1
10,"RACHITH M R",12/11/2026,18:34:31,In,Device1
10,"RACHITH M R",12/11/2026,18:34:31,Out,Device1
11,ABHISHEK,12/11/2026,19:34:25,In,Device1
11,ABHISHEK,12/11/2026,19:34:25,Out,Device1
12,PRITHESH,12/11/2026,18:06:20,In,Device1
12,PRITHESH,12/11/2026,18:06:20,Out,Device1
13,GAUTHAM,12/11/2026,19:04:36,In,Device1
13,GAUTHAM,12/11/2026,19:04:36,Out,Device1
14,AKASH,12/11/2026,19:54:44,In,Device1
14,AKASH,12/11/2026,19:54:44,Out,Device1
16,T,12/11/2026,17:17:09,In,Device1
16,T,12/11/2026,17:17:09,Out,Device1
17,"SUBRAMANYA K P",12/11/2026,19:28:29,In,Device1
17,"SUBRAMANYA K P",12/11/2026,19:28:29,Out,Device1
1,RACHITH,13/11/2026,17:40:07,In,Device1
1,RACHITH,13/11/2026,17:40:07,Out,Device1
2,"ASHOKA KIRAN",13/11/2026,19:33:56,In,Device1
2,"ASHOKA KIRAN",13/11/2026,19:33:56,Out,Device1
3,"ARSHIN ALBAB",13/11/2026,18:20:14,In,Device1
3,"ARSHIN ALBAB",13/11/2026,18:20:14,Out,Device1
4,SUBRAMANYA,13/11/2026,19:31:16,In,Device1
4,SUBRAMANYA,13/11/2026,19:31:16,Out,Device1
5,SURESH,13/11/2026,17:56:54,In,Device1
5,SURESH,13/11/2026,17:56:54,Out,Device1
6,"SAI KIRAN",13/11/2026,17:56:43,In,Device1
6,"SAI KIRAN",13/11/2026,17:56:43,Out,Device1
7,KARTHIKEYAN,13/11/2026,18:34:21,In,Device1
7,KARTHIKEYAN,13/11/2026,18:34:21,Out,Device1
8,JEEVAN,13/11/2026,18:54:28,In,Device1
8,JEEVAN,13/11/2026,18:54:28,Out,Device1
9,MOHITH,13/11/2026,19:55:04,In,Device1
9,MOHITH,13/11/2026,19:55:04,Out,Device1
10,"RACHITH M R",13/11/2026,18:19:30,In,Device1
10,"RACHITH M R",13/11/2026,18:19:30,Out,Device1
11,ABHISHEK,13/11/2026,19:19:03,In,Device1
11,ABHISHEK,13/11/2026,19:19:03,Out,Device1
12,PRITHESH,13/11/2026,19:17:26,In,Device1
12,PRITHESH,13/11/2026,19:17:26,Out,Device1
13,GAUTHAM,13/11/2026,19:57:52,In,Device1
13,GAUTHAM,13/11/2026,19:57:52,Out,Device1
14,AKASH,13/11/2026,17:39:33,In,Device1
14,AKASH,13/11/2026,17:39:33,Out,Device1
16,T,13/11/2026,17:50:08,In,Device1
16,T,13/11/2026,17:50:08,Out,Device1
17,"SUBRAMANYA K P",13/11/2026,18:48:49,In,Device1
17,"SUBRAMANYA K P",13/11/2026,18:48:49,Out,Device1
12,PRITHESH,14/11/2026,19:28:29,In,Device1
12,PRITHESH,14/11/2026,19:28:29,Out,Device1
14,AKASH,14/11/2026,19:35:11,In,Device1
14,AKASH,14/11/2026,19:35:11,Out,Device1
1,RACHITH,16/11/2026,19:17:18,In,Device1
1,RACHITH,16/11/2026,19:17:18,Out,Device1
2,"ASHOKA KIRAN",16/11/2026,17:51:42,In,Device1
2,"ASHOKA KIRAN",16/11/2026,17:51:42,Out,Device1
4,SUBRAMANYA,16/11/2026,17:35:50,In,Device1
4,SUBRAMANYA,16/11/2026,17:35:50,Out,Device1
5,SURESH,16/11/2026,18:57:18,In,Device1
5,SURESH,16/11/2026,18:57:18,Out,Device1
7,KARTHIKEYAN,16/11/2026,19:21:10,In,Device1
7,KARTHIKEYAN,16/11/2026,19:21:10,Out,Device1
8,JEEVAN,16/11/2026,19:16:43,In,Device1
8,JEEVAN,16/11/2026,19:16:43,Out,Device1
9,MOHITH,16/11/2026,19:15:43,In,Device1
9,MOHITH,16/11/2026,19:15:43,Out,Device1
10,"RACHITH M R",16/11/2026,17:51:58,In,Device1
10,"RACHITH M R",16/11/2026,17:51:58,Out,Device1
11,ABHISHEK,16/11/2026,17:10:53,In,Device1
11,ABHISHEK,16/11/2026,17:10:53,Out,Device1
12,PRITHESH,16/11/2026,18:27:42,In,Device1
12,PRITHESH,16/11/2026,18:27:42,Out,Device1
13,GAUTHAM,16/11/2026,18:46:24,In,Device1
13,GAUTHAM,16/11/2026,18:46:24,Out,Device1
14,AKASH,16/11/2026,19:48:52,In,Device1
14,AKASH,16/11/2026,19:48:52,Out,Device1
16,T,16/11/2026,18:28:25,In,Device1
16,T,16/11/2026,18:28:25,Out,Device1
17,"SUBRAMANYA K P",16/11/2026,17:25:04,In,Device1
17,"SUBRAMANYA K P",16/11/2026,17:25:04,Out,Device1
1,RACHITH,17/11/2026,19:36:02,In,Device1
1,RACHITH,17/11/2026,19:36:02,Out,Device1
2,"ASHOKA KIRAN",17/11/2026,19:15:12,In,Device1
2,"ASHOKA KIRAN",17/11/2026,19:15:12,Out,Device1
3,"ARSHIN ALBAB",17/11/2026,19:01:19,In,Device1
3,"ARSHIN ALBAB",17/11/2026,19:01:19,Out,Device1
4,SUBRAMANYA,17/11/2026,17:37:09,In,Device1
4,SUBRAMANYA,17/11/2026,17:37:09,Out,Device1
5,SURESH,17/11/2026,18:41:26,In,Device1
5,SURESH,17/11/2026,18:41:26,Out,Device1
6,"SAI KIRAN",17/11/2026,19:07:47,In,Device1
6,"SAI KIRAN",17/11/2026,19:07:47,Out,Device1
7,KARTHIKEYAN,17/11/2026,17:03:24,In,Device1
7,KARTHIKEYAN,17/11/2026,17:03:24,Out,Device1
8,JEEVAN,17/11/2026,19:22:55,In,Device1
8,JEEVAN,17/11/2026,19:22:55,Out,Device1
9,MOHITH,17/11/2026,17:26:32,In,Device1
9,MOHITH,17/11/2026,17:26:32,Out,Device1
10,"RACHITH M R",17/11/2026,18:01:44,In,Device1
10,"RACHITH M R",17/11/2026,18:01:44,Out,Device1
11,ABHISHEK,17/11/2026,18:39:53,In,Device1
11,ABHISHEK,17/11/2026,18:39:53,Out,Device1
12,PRITHESH,17/11/2026,19:13:17,In,Device1
12,PRITHESH,17/11/2026,19:13:17,Out,Device1
13,GAUTHAM,17/11/2026,19:41:46,In,Device1
13,GAUTHAM,17/11/2026,19:41:46,Out,Device1
14,AKASH,17/11/2026,17:50:45,In,Device1
14,AKASH,17/11/2026,17:50:45,Out,Device1
16,T,17/11/2026,18:00:24,In,Device1
16,T,17/11/2026,18:00:24,Out,Device1
17,"SUBRAMANYA K P",17/11/2026,16:54:19,In,Device1
17,"SUBRAMANYA K P",17/11/2026,16:54:19,Out,Device1
1,RACHITH,18/11/2026,18:55:43,In,Device1
1,RACHITH,18/11/2026,18:55:43,Out,Device1
2,"ASHOKA KIRAN",18/11/2026,19:10:28,In,Device1
2,"ASHOKA KIRAN",18/11/2026,19:10:28,Out,Device1
3,"ARSHIN ALBAB",18/11/2026,16:27:57,In,Device1
3,"ARSHIN ALBAB",18/11/2026,16:27:57,Out,Device1
4,SUBRAMANYA,18/11/2026,19:35:21,In,Device1
4,SUBRAMANYA,18/11/2026,19:35:21,Out,Device1
5,SURESH,18/11/2026,19:54:12,In,Device1
5,SURESH,18/11/2026,19:54:12,Out,Device1
6,"SAI KIRAN",18/11/2026,19:35:55,In,Device1
6,"SAI KIRAN",18/11/2026,19:35:55,Out,Device1
7,KARTHIKEYAN,18/11/2026,18:37:19,In,Device1
7,KARTHIKEYAN,18/11/2026,18:37:19,Out,Device1
8,JEEVAN,18/11/2026,18:05:24,In,Device1
8,JEEVAN,18/11/2026,18:05:24,Out,Device1
9,MOHITH,18/11/2026,19:06:20,In,Device1
9,MOHITH,18/11/2026,19:06:20,Out,Device1
10,"RACHITH M R",18/11/2026,17:52:17,In,Device1
10,"RACHITH M R",18/11/2026,17:52:17,Out,Device1
11,ABHISHEK,18/11/2026,17:23:15,In,Device1
11,ABHISHEK,18/11/2026,17:23:15,Out,Device1
12,PRITHESH,18/11/2026,17:03:37,In,Device1
12,PRITHESH,18/11/2026,17:03:37,Out,Device1
13,GAUTHAM,18/11/2026,18:20:38,In,Device1
13,GAUTHAM,18/11/2026,18:20:38,Out,Device1
14,AKASH,18/11/2026,16:00:26,In,Device1
14,AKASH,18/11/2026,16:00:26,Out,Device1
16,T,18/11/2026,16:13:24,In,Device1
16,T,18/11/2026,16:13:24,Out,Device1
17,"SUBRAMANYA K P",18/11/2026,17:22:30,In,Device1
17,"SUBRAMANYA K P",18/11/2026,17:22:30,Out,Device1
1,RACHITH,19/11/2026,17:35:10,In,Device1
1,RACHITH,19/11/2026,17:35:10,Out,Device1
2,"ASHOKA KIRAN",19/11/2026,18:30:40,In,Device1
2,"ASHOKA KIRAN",19/11/2026,18:30:40,Out,Device1
3,"ARSHIN ALBAB",19/11/2026,17:02:09,In,Device1
3,"ARSHIN ALBAB",19/11/2026,17:02:09,Out,Device1
4,SUBRAMANYA,19/11/2026,18:08:09,In,Device1
4,SUBRAMANYA,19/11/2026,18:08:09,Out,Device1
5,SURESH,19/11/2026,19:35:27,In,Device1
5,SURESH,19/11/2026,19:35:27,Out,Device1
6,"SAI KIRAN",19/11/2026,17:22:49,In,Device1
6,"SAI KIRAN",19/11/2026,17:22:49,Out,Device1
7,KARTHIKEYAN,19/11/2026,18:20:50,In,Device1
7,KARTHIKEYAN,19/11/2026,18:20:50,Out,Device1
8,JEEVAN,19/11/2026,19:32:06,In,Device1
8,JEEVAN,19/11/2026,19:32:06,Out,Device1
9,MOHITH,19/11/2026,16:26:38,In,Device1
9,MOHITH,19/11/2026,16:26:38,Out,Device1
10,"RACHITH M R",19/11/2026,19:09:08,In,Device1
10,"RACHITH M R",19/11/2026,19:09:08,Out,Device1
11,ABHISHEK,19/11/2026,17:46:12,In,Device1
11,ABHISHEK,19/11/2026,17:46:12,Out,Device1
12,PRITHESH,19/11/2026,18:14:20,In,Device1
12,PRITHESH,19/11/2026,18:14:20,Out,Device1
13,GAUTHAM,19/11/2026,17:50:56,In,Device1
13,GAUTHAM,19/11/2026,17:50:56,Out,Device1
14,AKASH,19/11/2026,19:39:25,In,Device1
14,AKASH,19/11/2026,19:39:25,Out,Device1
16,T,19/11/2026,19:49:57,In,Device1
16,T,19/11/2026,19:49:57,Out,Device1
17,"SUBRAMANYA K P",19/11/2026,18:25:19,In,Device1
17,"SUBRAMANYA K P",19/11/2026,18:25:19,Out,Device1
1,RACHITH,20/11/2026,17:11:56,In,Device1
1,RACHITH,20/11/2026,17:11:56,Out,Device1
2,"ASHOKA KIRAN",20/11/2026,18:32:35,In,Device1
2,"ASHOKA KIRAN",20/11/2026,18:32:35,Out,Device1
6,"SAI KIRAN",20/11/2026,19:39:08,In,Device1
6,"SAI KIRAN",20/11/2026,19:39:08,Out,Device1
7,KARTHIKEYAN,20/11/2026,17:53:25,In,Device1
7,KARTHIKEYAN,20/11/2026,17:53:25,Out,Device1
8,JEEVAN,20/11/2026,19:51:01,In,Device1
8,JEEVAN,20/11/2026,19:51:01,Out,Device1
9,MOHITH,20/11/2026,19:09:54,In,Device1
9,MOHITH,20/11/2026,19:09:54,Out,Device1
10,"RACHITH M R",20/11/2026,19:14:56,In,Device1
10,"RACHITH M R",20/11/2026,19:14:56,Out,Device1
11,ABHISHEK,20/11/2026,17:44:49,In,Device1
11,ABHISHEK,20/11/2026,17:44:49,Out,Device1
12,PRITHESH,20/11/2026,19:47:01,In,Device1
12,PRITHESH,20/11/2026,19:47:01,Out,Device1
13,GAUTHAM,20/11/2026,18:26:18,In,Device1
13,GAUTHAM,20/11/2026,18:26:18,Out,Device1
14,AKASH,20/11/2026,18:50:04,In,Device1
14,AKASH,20/11/2026,18:50:04,Out,Device1
16,T,20/11/2026,19:51:27,In,Device1
16,T,20/11/2026,19:51:27,Out,Device1
17,"SUBRAMANYA K P",20/11/2026,17:04:29,In,Device1
17,"SUBRAMANYA K P",20/11/2026,17:04:29,Out,Device1
8,JEEVAN,21/11/2026,19:01:21,In,Device1
8,JEEVAN,21/11/2026,19:01:21,Out,Device1
2,"ASHOKA KIRAN",22/11/2026,18:18:54,In,Device1
2,"ASHOKA KIRAN",22/11/2026,18:18:54,Out,Device1
6,"SAI KIRAN",22/11/2026,18:09:48,In,Device1
6,"SAI KIRAN",22/11/2026,18:09:48,Out,Device1
1,RACHITH,23/11/2026,18:34:04,In,Device1
1,RACHITH,23/11/2026,18:34:04,Out,Device1
2,"ASHOKA KIRAN",23/11/2026,17:03:37,In,Device1
2,"ASHOKA KIRAN",23/11/2026,17:03:37,Out,Device1
3,"ARSHIN ALBAB",23/11/2026,19:54:52,In,Device1
3,"ARSHIN ALBAB",23/11/2026,19:54:52,Out,Device1
4,SUBRAMANYA,23/11/2026,19:05:30,In,Device1
4,SUBRAMANYA,23/11/2026,19:05:30,Out,Device1
5,SURESH,23/11/2026,19:10:11,In,Device1
5,SURESH,23/11/2026,19:10:11,Out,Device1
6,"SAI KIRAN",23/11/2026,17:33:13,In,Device1
6,"SAI KIRAN",23/11/2026,17:33:13,Out,Device1
7,KARTHIKEYAN,23/11/2026,17:49:47,In,Device1
7,KARTHIKEYAN,23/11/2026,17:49:47,Out,Device1
8,JEEVAN,23/11/2026,17:33:30,In,Device1
8,JEEVAN,23/11/2026,17:33:30,Out,Device1
10,"RACHITH M R",23/11/2026,17:24:41,In,Device1
10,"RACHITH M R",23/11/2026,17:24:41,Out,Device1
12,PRITHESH,23/11/2026,18:14:04,In,Device1
12,PRITHESH,23/11/2026,18:14:04,Out,Device1
13,GAUTHAM,23/11/2026,19:28:55,In,Device1
13,GAUTHAM,23/11/2026,19:28:55,Out,Device1
14,AKASH,23/11/2026,18:07:14,In,Device1
14,AKASH,23/11/2026,18:07:14,Out,Device1
16,T,23/11/2026,19:43:42,In,Device1
16,T,23/11/2026,19:43:42,Out,Device1
17,"SUBRAMANYA K P",23/11/2026,19:50:18,In,Device1
17,"SUBRAMANYA K P",23/11/2026,19:50:18,Out,Device1
1,RACHITH,24/11/2026,16:32:03,In,Device1
1,RACHITH,24/11/2026,16:32:03,Out,Device1
2,"ASHOKA KIRAN",24/11/2026,18:03:21,In,Device1
2,"ASHOKA KIRAN",24/11/2026,18:03:21,Out,Device1
3,"ARSHIN ALBAB",24/11/2026,19:43:48,In,Device1
3,"ARSHIN ALBAB",24/11/2026,19:43:48,Out,Device1
4,SUBRAMANYA,24/11/2026,17:00:04,In,Device1
4,SUBRAMANYA,24/11/2026,17:00:04,Out,Device1
5,SURESH,24/11/2026,18:58:44,In,Device1
5,SURESH,24/11/2026,18:58:44,Out,Device1
6,"SAI KIRAN",24/11/2026,19:54:19,In,Device1
6,"SAI KIRAN",24/11/2026,19:54:19,Out,Device1
7,KARTHIKEYAN,24/11/2026,18:40:22,In,Device1
7,KARTHIKEYAN,24/11/2026,18:40:22,Out,Device1
8,JEEVAN,24/11/2026,16:08:15,In,Device1
8,JEEVAN,24/11/2026,16:08:15,Out,Device1
9,MOHITH,24/11/2026,19:40:04,In,Device1
9,MOHITH,24/11/2026,19:40:04,Out,Device1
10,"RACHITH M R",24/11/2026,19:32:26,In,Device1
10,"RACHITH M R",24/11/2026,19:32:26,Out,Device1
11,ABHISHEK,24/11/2026,16:46:38,In,Device1
11,ABHISHEK,24/11/2026,16:46:38,Out,Device1
12,PRITHESH,24/11/2026,18:25:51,In,Device1
12,PRITHESH,24/11/2026,18:25:51,Out,Device1
13,GAUTHAM,24/11/2026,17:03:23,In,Device1
13,GAUTHAM,24/11/2026,17:03:23,Out,Device1
14,AKASH,24/11/2026,19:17:26,In,Device1
14,AKASH,24/11/2026,19:17:26,Out,Device1
16,T,24/11/2026,19:32:53,In,Device1
16,T,24/11/2026,19:32:53,Out,Device1
17,"SUBRAMANYA K P",24/11/2026,19:08:23,In,Device1
17,"SUBRAMANYA K P",24/11/2026,19:08:23,Out,Device1
1,RACHITH,25/11/2026,19:52:08,In,Device1
1,RACHITH,25/11/2026,19:52:08,Out,Device1
2,"ASHOKA KIRAN",25/11/2026,18:36:52,In,Device1
2,"ASHOKA KIRAN",25/11/2026,18:36:52,Out,Device1
3,"ARSHIN ALBAB",25/11/2026,17:52:24,In,Device1
3,"ARSHIN ALBAB",25/11/2026,17:52:24,Out,Device1
4,SUBRAMANYA,25/11/2026,17:16:03,In,Device1
4,SUBRAMANYA,25/11/2026,17:16:03,Out,Device1
5,SURESH,25/11/2026,17:32:22,In,Device1
5,SURESH,25/11/2026,17:32:22,Out,Device1
6,"SAI KIRAN",25/11/2026,18:18:30,In,Device1
6,"SAI KIRAN",25/11/2026,18:18:30,Out,Device1
7,KARTHIKEYAN,25/11/2026,19:26:40,In,Device1
7,KARTHIKEYAN,25/11/2026,19:26:40,Out,Device1
8,JEEVAN,25/11/2026,19:07:44,In,Device1
8,JEEVAN,25/11/2026,19:07:44,Out,Device1
9,MOHITH,25/11/2026,19:31:08,In,Device1
9,MOHITH,25/11/2026,19:31:08,Out,Device1
10,"RACHITH M R",25/11/2026,17:42:39,In,Device1
10,"RACHITH M R",25/11/2026,17:42:39,Out,Device1
11,ABHISHEK,25/11/2026,19:40:55,In,Device1
11,ABHISHEK,25/11/2026,19:40:55,Out,Device1
12,PRITHESH,25/11/2026,17:51:33,In,Device1
12,PRITHESH,25/11/2026,17:51:33,Out,Device1
13,GAUTHAM,25/11/2026,19:40:06,In,Device1
13,GAUTHAM,25/11/2026,19:40:06,Out,Device1
14,AKASH,25/11/2026,19:48:23,In,Device1
14,AKASH,25/11/2026,19:48:23,Out,Device1
16,T,25/11/2026,18:41:23,In,Device1
16,T,25/11/2026,18:41:23,Out,Device1
17,"SUBRAMANYA K P",25/11/2026,17:33:52,In,Device1
17,"SUBRAMANYA K P",25/11/2026,17:33:52,Out,Device1
1,RACHITH,26/11/2026,17:32:25,In,Device1
1,RACHITH,26/11/2026,17:32:25,Out,Device1
2,"ASHOKA KIRAN",26/11/2026,18:28:38,In,Device1
2,"ASHOKA KIRAN",26/11/2026,18:28:38,Out,Device1
3,"ARSHIN ALBAB",26/11/2026,17:53:32,In,Device1
3,"ARSHIN ALBAB",26/11/2026,17:53:32,Out,Device1
4,SUBRAMANYA,26/11/2026,17:21:13,In,Device1
4,SUBRAMANYA,26/11/2026,17:21:13,Out,Device1
5,SURESH,26/11/2026,17:12:43,In,Device1
5,SURESH,26/11/2026,17:12:43,Out,Device1
6,"SAI KIRAN",26/11/2026,17:42:26,In,Device1
6,"SAI KIRAN",26/11/2026,17:42:26,Out,Device1
7,KARTHIKEYAN,26/11/2026,17:16:34,In,Device1
7,KARTHIKEYAN,26/11/2026,17:16:34,Out,Device1
8,JEEVAN,26/11/2026,19:23:21,In,Device1
8,JEEVAN,26/11/2026,19:23:21,Out,Device1
9,MOHITH,26/11/2026,18:38:07,In,Device1
9,MOHITH,26/11/2026,18:38:07,Out,Device1
10,"RACHITH M R",26/11/2026,18:51:56,In,Device1
10,"RACHITH M R",26/11/2026,18:51:56,Out,Device1
11,ABHISHEK,26/11/2026,17:17:34,In,Device1
11,ABHISHEK,26/11/2026,17:17:34,Out,Device1
12,PRITHESH,26/11/2026,18:17:27,In,Device1
12,PRITHESH,26/11/2026,18:17:27,Out,Device1
13,GAUTHAM,26/11/2026,19:29:33,In,Device1
13,GAUTHAM,26/11/2026,19:29:33,Out,Device1
14,AKASH,26/11/2026,16:59:54,In,Device1
14,AKASH,26/11/2026,16:59:54,Out,Device1
16,T,26/11/2026,18:27:17,In,Device1
16,T,26/11/2026,18:27:17,Out,Device1
17,"SUBRAMANYA K P",26/11/2026,17:32:02,In,Device1
17,"SUBRAMANYA K P",26/11/2026,17:32:02,Out,Device1
1,RACHITH,27/11/2026,17:17:44,In,Device1
1,RACHITH,27/11/2026,17:17:44,Out,Device1
2,"ASHOKA KIRAN",27/11/2026,18:31:15,In,Device1
2,"ASHOKA KIRAN",27/11/2026,18:31:15,Out,Device1
3,"ARSHIN ALBAB",27/11/2026,19:41:49,In,Device1
3,"ARSHIN ALBAB",27/11/2026,19:41:49,Out,Device1
4,SUBRAMANYA,27/11/2026,17:28:29,In,Device1
4,SUBRAMANYA,27/11/2026,17:28:29,Out,Device1
5,SURESH,27/11/2026,19:57:58,In,Device1
5,SURESH,27/11/2026,19:57:58,Out,Device1
6,"SAI KIRAN",27/11/2026,18:34:26,In,Device1
6,"SAI KIRAN",27/11/2026,18:34:26,Out,Device1
7,KARTHIKEYAN,27/11/2026,17:16:02,In,Device1
7,KARTHIKEYAN,27/11/2026,17:16:02,Out,Device1
8,JEEVAN,27/11/2026,19:00:44,In,Device1
8,JEEVAN,27/11/2026,19:00:44,Out,Device1
10,"RACHITH M R",27/11/2026,17:26:40,In,Device1
10,"RACHITH M R",27/11/2026,17:26:40,Out,Device1
11,ABHISHEK,27/11/2026,18:10:44,In,Device1
11,ABHISHEK,27/11/2026,18:10:44,Out,Device1
12,PRITHESH,27/11/2026,17:36:01,In,Device1
12,PRITHESH,27/11/2026,17:36:01,Out,Device1
13,GAUTHAM,27/11/2026,19:50:30,In,Device1
13,GAUTHAM,27/11/2026,19:50:30,Out,Device1
14,AKASH,27/11/2026,18:01:29,In,Device1
14,AKASH,27/11/2026,18:01:29,Out,Device1
16,T,27/11/2026,19:15:44,In,Device1
16,T,27/11/2026,19:15:44,Out,Device1
17,"SUBRAMANYA K P",27/11/2026,19:00:03,In,Device1
17,"SUBRAMANYA K P",27/11/2026,19:00:03,Out,Device1
11,ABHISHEK,28/11/2026,17:49:53,In,Device1
11,ABHISHEK,28/11/2026,17:49:53,Out,Device1
14,AKASH,28/11/2026,16:39:32,In,Device1
14,AKASH,28/11/2026,16:39:32,Out,Device1
8,JEEVAN,29/11/2026,17:29:58,In,Device1
8,JEEVAN,29/11/2026,17:29:58,Out,Device1
10,"RACHITH M R",29/11/2026,17:13:14,In,Device1
10,"RACHITH M R",29/11/2026,17:13:14,Out,Device1
12,PRITHESH,29/11/2026,19:38:48,In,Device1
12,PRITHESH,29/11/2026,19:38:48,Out,Device1
1,RACHITH,30/11/2026,19:18:03,In,Device1
1,RACHITH,30/11/2026,19:18:03,Out,Device1
2,"ASHOKA KIRAN",30/11/2026,19:29:13,In,Device1
2,"ASHOKA KIRAN",30/11/2026,19:29:13,Out,Device1
3,"ARSHIN ALBAB",30/11/2026,17:45:08,In,Device1
3,"ARSHIN ALBAB",30/11/2026,17:45:08,Out,Device1
4,SUBRAMANYA,30/11/2026,18:45:32,In,Device1
4,SUBRAMANYA,30/11/2026,18:45:32,Out,Device1
5,SURESH,30/11/2026,18:05:53,In,Device1
5,SURESH,30/11/2026,18:05:53,Out,Device1
6,"SAI KIRAN",30/11/2026,19:53:16,In,Device1
6,"SAI KIRAN",30/11/2026,19:53:16,Out,Device1
7,KARTHIKEYAN,30/11/2026,19:50:53,In,Device1
7,KARTHIKEYAN,30/11/2026,19:50:53,Out,Device1
8,JEEVAN,30/11/2026,19:28:57,In,Device1
8,JEEVAN,30/11/2026,19:28:57,Out,Device1
10,"RACHITH M R",30/11/2026,19:29:52,In,Device1
10,"RACHITH M R",30/11/2026,19:29:52,Out,Device1
11,ABHISHEK,30/11/2026,19:17:18,In,Device1
11,ABHISHEK,30/11/2026,19:17:18,Out,Device1
12,PRITHESH,30/11/2026,16:46:29,In,Device1
12,PRITHESH,30/11/2026,16:46:29,Out,Device1
13,GAUTHAM,30/11/2026,17:14:03,In,Device1
13,GAUTHAM,30/11/2026,17:14:03,Out,Device1
17,"SUBRAMANYA K P",30/11/2026,17:39:47,In,Device1
17,"SUBRAMANYA K P",30/11/2026,17:39:47,Out,Device1
